INSERT INTO libraries (id, nama, jenis, lokasi, created_at, kategori) VALUES
('1', 'PERPUSTAKAAN BABUSSALAM', 'Perpustakaan Desa', 'BABUSSALAM', '2026-01-29 10:55:22.870683', 'Umum'),
('2', 'PERPUSTAKAAN DESA BANYU URIP', 'Perpustakaan Desa', 'BANYU URIP', '2026-01-29 10:55:22.877218', 'Umum'),
('3', 'PERPUSTAKAAN DASAN TAPEN', 'Perpustakaan Desa', 'DASAN TAPEN', '2026-01-29 10:55:22.878098', 'Umum'),
('4', 'PERPUSTAKAAN GAPUK', 'Perpustakaan Desa', 'GAPUK', '2026-01-29 10:55:22.879243', 'Umum'),
('5', 'PERPUSTAKAAN GERUNG UTARA', 'Perpustakaan Desa', 'GERUNG UTARA', '2026-01-29 10:55:22.87973', 'Umum'),
('6', 'PERPUSTAKAAN KEBON AYU', 'Perpustakaan Desa', 'KEBON AYU', '2026-01-29 10:55:22.880243', 'Umum'),
('7', 'PERPUSTAKAAN MESANGGOK', 'Perpustakaan Desa', 'MESANGGOK', '2026-01-29 10:55:22.880857', 'Umum'),
('8', 'PERPUSTAKAAN TEMPOS', 'Perpustakaan Desa', 'TEMPOS', '2026-01-29 10:55:22.881174', 'Umum'),
('9', 'PERPUSTAKAAN JATI SELA', 'Perpustakaan Desa', 'JATISELA', '2026-01-29 10:55:22.881436', 'Umum'),
('10', 'PERPUSTAKAAN KEKERI', 'Perpustakaan Desa', 'KEKERI', '2026-01-29 10:55:22.881804', 'Umum'),
('11', 'PERPUSTAKAAN DASAN BARU', 'Perpustakaan Desa', 'DASAN BARU', '2026-01-29 10:55:22.88223', 'Umum'),
('12', 'PERPUSTAKAAN GELOGOR', 'Perpustakaan Desa', 'GELOGOR', '2026-01-29 10:55:22.882622', 'Umum'),
('13', 'PERPUSTAKAAN DESA JAGARAGA INDAH', 'Perpustakaan Desa', 'JAGARAGA INDAH', '2026-01-29 10:55:22.882986', 'Umum'),
('14', 'PERPUSTAKAAN KEDIRI', 'Perpustakaan Desa', 'KEDIRI', '2026-01-29 10:55:22.88333', 'Umum'),
('15', 'PERPUSTAKAAN KEDIRI SELATAN', 'Perpustakaan Desa', 'KEDIRI SELATAN', '2026-01-29 10:55:22.884265', 'Umum'),
('16', 'PERPUSTAKAAN LELEDE', 'Perpustakaan Desa', 'LELEDE', '2026-01-29 10:55:22.884932', 'Umum'),
('17', 'PERPUSTAKAAN OMBE BARU', 'Perpustakaan Desa', 'OMBE BARU', '2026-01-29 10:55:22.885405', 'Umum'),
('18', 'PERPUSTAKAAN RUMAK', 'Perpustakaan Desa', 'RUMAK', '2026-01-29 10:55:22.885777', 'Umum'),
('19', 'PERPUSTAKAAN GIRI SASAK', 'Perpustakaan Desa', 'GIRI SASAK', '2026-01-29 10:55:22.886133', 'Umum'),
('20', 'PERPUSTAKAAN JAGARAGA', 'Perpustakaan Desa', 'JAGARAGA', '2026-01-29 10:55:22.886586', 'Umum'),
('21', 'PERPUSTAKAAN DESA KURIPAN', 'Perpustakaan Desa', 'KURIPAN', '2026-01-29 10:55:22.886932', 'Umum'),
('22', 'PERPUSTAKAAN KURIPAN UTARA', 'Perpustakaan Desa', 'KURIPAN UTARA', '2026-01-29 10:55:22.887222', 'Umum'),
('23', 'PERPUSTAKAAN BAGIK POLAK', 'Perpustakaan Desa', 'BAGIK POLAK', '2026-01-29 10:55:22.887494', 'Umum'),
('24', 'PERPUSTAKAAN BAJUR', 'Perpustakaan Desa', 'BAJUR', '2026-01-29 10:55:22.887823', 'Umum'),
('25', 'PERPUSTAKAAN BENGKEL', 'Perpustakaan Desa', 'BENGKEL', '2026-01-29 10:55:22.888205', 'Umum'),
('26', 'PERPUSTAKAAN  KURANJI', 'Perpustakaan Desa', 'KURANJI', '2026-01-29 10:55:22.888646', 'Umum'),
('27', 'PERPUSTAKAAN KURANJI DALANG', 'Perpustakaan Desa', 'KURANJI DALANG', '2026-01-29 10:55:22.888945', 'Umum'),
('28', 'PERPUSTAKAAN LABUAPI', 'Perpustakaan Desa', 'LABUAPI', '2026-01-29 10:55:22.889224', 'Umum'),
('29', 'PERPUSTAKAAN TELAGAWARU', 'Perpustakaan Desa', 'TELAGAWARU', '2026-01-29 10:55:22.889641', 'Umum'),
('30', 'PERPUSTAKAAN LABUAN TERENG', 'Perpustakaan Desa', 'LABUAN TERENG', '2026-01-29 10:55:22.890009', 'Umum'),
('31', 'PERPUSTAKAAN  LEMBAR SELATAN', 'Perpustakaan Desa', 'LEMBAR SELATAN', '2026-01-29 10:55:22.890283', 'Umum'),
('32', 'PERPUSTAKAAN JEMBATAN GANTUNG', 'Perpustakaan Desa', 'JEMBATAN GANTUNG', '2026-01-29 10:55:22.89054', 'Umum'),
('33', 'PERPUSTAKAAN JEMBATAN KEMBAR TIMUR', 'Perpustakaan Desa', 'JEMBATAN KEMBAR TIMUR', '2026-01-29 10:55:22.890948', 'Umum'),
('34', 'PERPUSTAKAAN BATU KUMBUNG', 'Perpustakaan Desa', 'BATU KUMBUNG', '2026-01-29 10:55:22.891214', 'Umum'),
('35', 'PERPUSTAKAAN BATU MEKAR', 'Perpustakaan Desa', 'BATU MEKAR', '2026-01-29 10:55:22.891477', 'Umum'),
('36', 'PERPUSTAKAAN BUGBUG', 'Perpustakaan Desa', 'BUG-BUG', '2026-01-29 10:55:22.891979', 'Umum'),
('37', 'PERPUSTAKAAN DASAN GERIA', 'Perpustakaan Desa', 'DASAN GERIA', '2026-01-29 10:55:22.892476', 'Umum'),
('38', 'PERPUSTAKAAN LANGKO', 'Perpustakaan Desa', 'LANGKO', '2026-01-29 10:55:22.893169', 'Umum'),
('39', 'PERPUSTAKAAN SARIBAYE', 'Perpustakaan Desa', 'SARIBAYE', '2026-01-29 10:55:22.893665', 'Umum'),
('40', 'PERPUSTAKAAN SIGERONGAN', 'Perpustakaan Desa', 'SIGERONGAN', '2026-01-29 10:55:22.894056', 'Umum'),
('41', 'PERPUSTAKAAN KARANG BAYAN', 'Perpustakaan Desa', 'KARANG BAYAN', '2026-01-29 10:55:22.894502', 'Umum'),
('42', 'PERPUSTAKAAN BADRAIN', 'Perpustakaan Desa', 'BADRAIN', '2026-01-29 10:55:22.895086', 'Umum'),
('43', 'PERPUSTAKAAN BATU KUTA', 'Perpustakaan Desa', 'BATU KUTA', '2026-01-29 10:55:22.895691', 'Umum'),
('44', 'PERPUSTAKAAN DASAN TERENG', 'Perpustakaan Desa', 'DASAN TERENG', '2026-01-29 10:55:22.896138', 'Umum'),
('45', 'PERPUSTAKAAN GOLONG', 'Perpustakaan Desa', 'GOLONG', '2026-01-29 10:55:22.896561', 'Umum'),
('46', 'PERPUSTAKAAN GERIMAX INDAH', 'Perpustakaan Desa', 'GERIMAX INDAH', '2026-01-29 10:55:22.897342', 'Umum'),
('47', 'PERPUSTAKAAN KERU', 'Perpustakaan Desa', 'KERU', '2026-01-29 10:55:22.897628', 'Umum'),
('48', 'PERPUSTAKAAN KRAMA JAYA', 'Perpustakaan Desa', 'KRAMA JAYA', '2026-01-29 10:55:22.897881', 'Umum'),
('49', 'PERPUSTAKAAN LEBAH SEMPAGE', 'Perpustakaan Desa', 'LEBAH SEMPAGE', '2026-01-29 10:55:22.898142', 'Umum'),
('50', 'PERPUSTAKAAN MEKARSARI', 'Perpustakaan Desa', 'MEKARSARI', '2026-01-29 10:55:22.898399', 'Umum'),
('51', 'PERPUSTAKAAN NYIUR LEMBANG', 'Perpustakaan Desa', 'NYIUR LEMBANG', '2026-01-29 10:55:22.898647', 'Umum'),
('52', 'PERPUSTAKAAN SELAT', 'Perpustakaan Desa', 'SELAT', '2026-01-29 10:55:22.898909', 'Umum'),
('53', 'PERPUSTAKAAN SESAOT', 'Perpustakaan Desa', 'SESAOT', '2026-01-29 10:55:22.89923', 'Umum'),
('54', 'PERPUSTAKAAN NARMADA', 'Perpustakaan Desa', 'NARMADA', '2026-01-29 10:55:22.899492', 'Umum'),
('55', 'PERPUSTAKAAN DESA PERESAK', 'Perpustakaan Desa', 'PERESAK', '2026-01-29 10:55:22.899737', 'Umum'),
('56', 'PERPUSTAKAAN DESA SEDAU', 'Perpustakaan Desa', 'SEDAU', '2026-01-29 10:55:22.899965', 'Umum'),
('57', 'PERPUSTAKAAN DESA SEMBUNG', 'Perpustakaan Desa', 'SEMBUNG', '2026-01-29 10:55:22.900508', 'Umum'),
('58', 'PERPUSTAKAAN DESA SURANADI', 'Perpustakaan Desa', 'SURANADI', '2026-01-29 10:55:22.901146', 'Umum'),
('59', 'PERPUSTAKAAN BATU PUTIH', 'Perpustakaan Desa', 'BATU PUTIH', '2026-01-29 10:55:22.901502', 'Umum'),
('60', 'PERPUSTAKAAN BUWUN MAS', 'Perpustakaan Desa', 'BUWUN MAS', '2026-01-29 10:55:22.902095', 'Umum'),
('61', 'PERPUSTAKAAN SEKOTONG TENGAH', 'Perpustakaan Desa', 'SEKOTONG TENGAH', '2026-01-29 10:55:22.902505', 'Umum'),
('62', 'PERPUSTAKAAN PENIMBUNG', 'Perpustakaan Desa', 'PENIMBUNGAN', '2026-01-29 10:55:22.902953', 'Umum'),
('63', 'PERPUSTAKAAN RANJOK', 'Perpustakaan Desa', 'RANJOK', '2026-01-29 10:55:22.903359', 'Umum');

INSERT INTO master_kategori (id, kategori, sub_kategori) VALUES
('1', 'Umum', 'Perpustakaan Desa'),
('2', 'Umum', 'Perpustakaan Komunitas'),
('3', 'Umum', 'Taman Baca Masyarakat'),
('5', 'Sekolah', 'Perpustakaan SD'),
('6', 'Sekolah', 'Perpustakaan SMP'),
('7', 'Sekolah', 'Perpustakaan SMA'),
('8', 'Sekolah', 'Perpustakaan SMK'),
('11', 'Khusus', 'Perpustakaan Rumah Ibadah'),
('12', 'Khusus', 'Perpustakaan Pondok Pesantren');

INSERT INTO master_pertanyaan (id, jenis_kuesioner, kategori_bagian, teks_pertanyaan, tipe_input, opsi_jawaban, urutan, is_active, keterangan, pilihan_opsi) VALUES
('2', 'IPLM', 'I. DATA JENIS PERPUSTAKAAN', 'Subjenis Perpustakaan', 'text', '\\N', '2', '1', '\\N', '\\N'),
('8', 'IPLM', 'II. DATA DEMOGRAFI', 'Nama Institusi/Sekolah/OPD/TBM/Lainnya', 'text', '\\N', '8', '1', '\\N', '\\N'),
('9', 'IPLM', 'II. DATA DEMOGRAFI', 'Nama Perpustakaan', 'text', '\\N', '9', '1', '\\N', '\\N'),
('10', 'IPLM', 'II. DATA DEMOGRAFI', 'Alamat Institusi/Sekolah/OPD/TBM/Lainnya', 'textarea', '\\N', '10', '1', '\\N', '\\N'),
('11', 'IPLM', 'II. DATA DEMOGRAFI', 'Provinsi Asal', 'text', '\\N', '11', '1', '\\N', '\\N'),
('12', 'IPLM', 'II. DATA DEMOGRAFI', 'Kabupaten/Kota Asal', 'text', '\\N', '12', '1', '\\N', '\\N'),
('13', 'IPLM', 'II. DATA DEMOGRAFI', 'Nama Lengkap Pengisi Kuesioner', 'text', '\\N', '13', '1', '\\N', '\\N'),
('14', 'IPLM', 'II. DATA DEMOGRAFI', 'Kontak Pengisi Kuesioner (Whatsapp Aktif)', 'text', '\\N', '14', '1', '\\N', '\\N'),
('15', 'IPLM', 'III. DIMENSI KOLEKSI', 'Jumlah Judul Koleksi Tercetak', 'number', '\\N', '15', '1', '\\N', '\\N'),
('16', 'IPLM', 'III. DIMENSI KOLEKSI', 'Jumlah Eksemplar Koleksi Tercetak', 'number', '\\N', '16', '1', '\\N', '\\N'),
('17', 'IPLM', 'III. DIMENSI KOLEKSI', 'Jumlah Judul Koleksi Digital', 'number', '\\N', '17', '1', '\\N', '\\N'),
('18', 'IPLM', 'III. DIMENSI KOLEKSI', 'Jumlah Eksemplar Koleksi Digital', 'number', '\\N', '18', '1', '\\N', '\\N'),
('19', 'IPLM', 'III. DIMENSI KOLEKSI', 'Penambahan Jumlah Judul Koleksi Tercetak dalam 1 Tahun Terakhir', 'number', '\\N', '19', '1', '\\N', '\\N'),
('20', 'IPLM', 'III. DIMENSI KOLEKSI', 'Penambahan Jumlah Eksemplar Koleksi Tercetak dalam 1 Tahun Terakhir', 'number', '\\N', '20', '1', '\\N', '\\N'),
('21', 'IPLM', 'III. DIMENSI KOLEKSI', 'Penambahan Jumlah Judul Koleksi Digital dalam 1 Tahun Terakhir', 'number', '\\N', '21', '1', '\\N', '\\N'),
('22', 'IPLM', 'III. DIMENSI KOLEKSI', 'Penambahan Jumlah Eksemplar Koleksi Digital dalam 1 Tahun Terakhir', 'number', '\\N', '22', '1', '\\N', '\\N'),
('25', 'IPLM', 'III. DIMENSI KOLEKSI', 'Total Jumlah Anggaran Pengembangan Koleksi Tercetak dan Digital dalam 1 Tahun Terakhir', 'number', '\\N', '25', '1', '\\N', '\\N'),
('26', 'IPLM', 'IV. DIMENSI TENAGA PERPUSTAKAAN', 'Jumlah Tenaga Perpustakaan Memiliki Kualifikasi Pendidikan Ilmu Perpustakaan (Orang)', 'number', '\\N', '26', '1', '\\N', '\\N'),
('27', 'IPLM', 'IV. DIMENSI TENAGA PERPUSTAKAAN', 'Jumlah Tenaga Perpustakaan Tidak Memiliki Kualifikasi Pendidikan Ilmu Perpustakaan (Orang)', 'number', '\\N', '27', '1', '\\N', '\\N'),
('28', 'IPLM', 'IV. DIMENSI TENAGA PERPUSTAKAAN', 'Jumlah Tenaga Perpustakaan yang Mengikuti PKB/Diklat dalam 1 Tahun Terakhir (Orang)', 'number', '\\N', '28', '1', '\\N', '\\N'),
('29', 'IPLM', 'IV. DIMENSI TENAGA PERPUSTAKAAN', 'Jumlah Anggaran Pengembangan Keprofesian (Diklat) Tenaga dalam 1 Tahun Terakhir', 'number', '\\N', '29', '1', '\\N', '\\N'),
('30', 'IPLM', 'V. DIMENSI PELAYANAN', 'Jumlah Peserta Kegiatan Literasi/Budaya Baca dalam 1 Tahun Terakhir (Orang)', 'number', '\\N', '30', '1', '\\N', '\\N'),
('31', 'IPLM', 'V. DIMENSI PELAYANAN', 'Jumlah Pemustaka (Luring/Daring) dalam 1 Tahun Terakhir (Orang)', 'number', '\\N', '31', '1', '\\N', '\\N'),
('32', 'IPLM', 'V. DIMENSI PELAYANAN', 'Jumlah Pemustaka yang Menggunakan Fasilitas TIK dalam 1 Tahun Terakhir (Orang)', 'number', '\\N', '32', '1', '\\N', '\\N'),
('33', 'IPLM', 'V. DIMENSI PELAYANAN', 'Jumlah Judul Koleksi Tercetak Yang Dimanfaatkan Dalam 1 Tahun Terakhir', 'number', '\\N', '33', '1', '\\N', '\\N'),
('34', 'IPLM', 'V. DIMENSI PELAYANAN', 'Jumlah Eksemplar Koleksi Tercetak yang Dimanfaatkan dalam 1 Tahun Terakhir', 'number', '\\N', '34', '1', '\\N', '\\N'),
('35', 'IPLM', 'V. DIMENSI PELAYANAN', 'Jumlah Judul Koleksi Digital yang Dimanfaatkan dalam 1 Tahun Terakhir', 'number', '\\N', '35', '1', '\\N', '\\N'),
('36', 'IPLM', 'V. DIMENSI PELAYANAN', 'Jumlah Eksemplar Koleksi Digital yang Dimanfaatkan dalam 1 Tahun Terakhir', 'number', '\\N', '36', '1', '\\N', '\\N'),
('37', 'IPLM', 'VI. DIMENSI PENYELENGGARAAN', 'Jumlah Kegiatan Penguatan Budaya Baca dalam 1 Tahun Terakhir', 'number', '\\N', '37', '1', '\\N', '\\N'),
('38', 'IPLM', 'VI. DIMENSI PENYELENGGARAAN', 'Jumlah Kegiatan Kolaborasi/Kerja Sama dengan Pihak Eksternal dalam 1 Tahun Terakhir', 'number', '\\N', '38', '1', '\\N', '\\N'),
('39', 'IPLM', 'VI. DIMENSI PENYELENGGARAAN', 'Jumlah Variasi Layanan yang Tersedia (Fisik Dan Digital)', 'number', '\\N', '39', '1', '\\N', '\\N'),
('40', 'IPLM', 'VI. DIMENSI PENYELENGGARAAN', 'Jumlah Dokumen Kebijakan dan Prosedur Pelayanan Perpustakaan', 'number', '\\N', '40', '1', '\\N', '\\N'),
('42', 'IPLM', 'VI. DIMENSI PENYELENGGARAAN', 'Jumlah Anggaran Peningkatan Pelayanan dan Pengelolaan dalam 1 Tahun Terakhir', 'number', '\\N', '42', '1', '\\N', '\\N'),
('6', 'IPLM', 'II. DATA DEMOGRAFI', 'Nomor Pokok Perpustakaan (NPP) ', 'text', '\\N', '6', '1', '(Jika belum memiliki NPP, isi dengan 0)', '\\N'),
('4', 'IPLM', 'I. DATA JENIS PERPUSTAKAAN', 'Jumlah Siswa', 'number', '\\N', '4', '1', '(Diisi jika Perpustakaan Sekolah, perpustakaan lainnya isi dengan 0)', '\\N'),
('7', 'IPLM', 'II. DATA DEMOGRAFI', 'Nomor Pokok Sekolah Nasional (NPSN)', 'text', '\\N', '7', '1', '(Diisi jika Perpustakaan Sekolah, perpustakaan lainnya isi dengan 0)', '\\N'),
('24', 'IPLM', 'III. DIMENSI KOLEKSI', 'Jumlah Anggaran Pengembangan Koleksi dari Dana Non BOS ', 'number', '\\N', '24', '1', '(Diisi jika Perpustakaan Sekolah, perpustakaan lainnya isi dengan 0)', '\\N'),
('41', 'IPLM', 'VI. DIMENSI PENYELENGGARAAN', 'Jumlah Peraturan Daerah Tentang Perpustakaan ', 'number', '\\N', '41', '1', '(Diisi jika Perpustakaan Umum Provinsi/Kabupaten/Kota, perpustakaan lainnya isi dengan 0)', '\\N'),
('1', 'IPLM', 'I. DATA JENIS PERPUSTAKAAN', 'Jenis Perpustakaan', 'text', '\\N', '1', '1', '', ''),
('44', 'TKM', 'I. DATA DEMOGRAFI', 'Jenis Kelamin (L/P)', 'radio', '\\N', '2', '1', '', 'Laki-laki, Perempuan'),
('46', 'TKM', 'I. DATA DEMOGRAFI', 'Pekerjaan', 'text', '\\N', '4', '1', '\\N', '\\N'),
('63', 'TKM', 'III. PRA MEMBACA', 'Dalam sebulan terakhir, berapa buku digital yang Anda baca?', 'text', '\\N', '22', '1', '\\N', '\\N'),
('69', 'TKM', 'III. PRA MEMBACA', 'Saya dan keluarga sering membaca bersama', 'likert', '\\N', '28', '1', '\\N', '\\N'),
('3', 'IPLM', 'I. DATA JENIS PERPUSTAKAAN', 'Jumlah Guru dan Tenaga Kependidikan ', 'number', '\\N', '3', '1', '(Diisi jika Perpustakaan Sekolah, perpustakaan lainnya isi dengan 0)', '\\N'),
('5', 'IPLM', 'I. DATA JENIS PERPUSTAKAAN', 'Jumlah Karyawan', 'number', '\\N', '5', '1', '(Diisi jika Perpustakaan Khusus, perpustakaan lainnya isi dengan 0)', '\\N'),
('23', 'IPLM', 'III. DIMENSI KOLEKSI', 'Jumlah Anggaran Pengembangan Koleksi dari Dana BOS ', 'number', '\\N', '23', '1', '(Diisi jika Perpustakaan Sekolah, perpustakaan lainnya isi dengan 0)', '\\N'),
('49', 'TKM', 'II. KEBIASAAN MEMBACA', 'Apakah Anda memiliki waktu khusus untuk membaca? (Ya/Tidak)', 'radio', '\\N', '3', '1', '', 'Ya,Tidak'),
('123', 'TKM', 'I. DATA DEMOGRAFI', 'Kontak pengisi kuisioner', 'number', '\\N', '7', '1', 'no whatsapp aktif', ''),
('43', 'TKM', 'I. DATA DEMOGRAFI', 'Usia (Tahun)', 'select', '\\N', '1', '1', '', '15-28 Tahun, 29-42 Tahun, 43-56 Tahun, Lebih dari 56 Tahun'),
('45', 'TKM', 'I. DATA DEMOGRAFI', 'Pendidikan Terakhir', 'text', '\\N', '3', '1', 'SD Tidak Tamat,\\r\\nSD/MI,\\r\\nSMP/MTs,\\r\\nSMA/SMK/MA,\\r\\nDiploma-D1/D2/D3,\\r\\nSarjana-D4/S1,\\r\\nMagister-S2\\r\\nDoktor-S3\\r\\n', '\\N'),
('47', 'TKM', 'I. DATA DEMOGRAFI', 'Provinsi Asal', 'text', '\\N', '5', '1', '\\N', '\\N'),
('48', 'TKM', 'I. DATA DEMOGRAFI', 'Kabupaten/Kota Asal', 'text', '\\N', '6', '1', '\\N', '\\N'),
('50', 'TKM', 'II. KEBIASAAN MEMBACA', 'Tujuan utama membaca bagi saya adalah (Pengetahuan/Tugas/Kesenangan/Isi Waktu)', 'text', '\\N', '9', '1', '\\N', '\\N'),
('51', 'TKM', 'II. KEBIASAAN MEMBACA', 'Berapa jarak rumah Anda ke perpustakaan terdekat?', 'text', '\\N', '10', '1', '\\N', '\\N'),
('52', 'TKM', 'III. PRA MEMBACA', 'Saya membaca buku karena saya merasa senang saat membaca', 'likert', '\\N', '11', '1', '\\N', '\\N'),
('53', 'TKM', 'III. PRA MEMBACA', 'Saya membaca buku yang menarik minat saya tanpa paksaan orang lain', 'likert', '\\N', '12', '1', '\\N', '\\N'),
('54', 'TKM', 'III. PRA MEMBACA', 'Saya membaca untuk mencapai tujuan tertentu (misal: menambah pengetahuan)', 'likert', '\\N', '13', '1', '\\N', '\\N'),
('55', 'TKM', 'III. PRA MEMBACA', 'Saya membaca untuk memahami informasi penting sebelum mengambil keputusan', 'likert', '\\N', '14', '1', '\\N', '\\N'),
('56', 'TKM', 'III. PRA MEMBACA', 'Saya percaya bahwa saya dapat memahami teks walaupun topiknya baru bagi saya', 'likert', '\\N', '15', '1', '\\N', '\\N'),
('57', 'TKM', 'III. PRA MEMBACA', 'Saya merasa percaya diri saat menceritakan kembali isi bacaan', 'likert', '\\N', '16', '1', '\\N', '\\N'),
('58', 'TKM', 'III. PRA MEMBACA', 'Saya membaca karena didorong oleh orang lain', 'likert', '\\N', '17', '1', '\\N', '\\N'),
('59', 'TKM', 'III. PRA MEMBACA', 'Saya membaca untuk memenuhi tugas atau kewajiban', 'likert', '\\N', '18', '1', '\\N', '\\N'),
('60', 'TKM', 'III. PRA MEMBACA', 'Saya memiliki koleksi buku di rumah yang selalu tersedia untuk dibaca', 'likert', '\\N', '19', '1', '\\N', '\\N'),
('61', 'TKM', 'III. PRA MEMBACA', 'Saya dapat mengunduh e-book dengan mudah dari internet kalau mau membaca', 'likert', '\\N', '20', '1', '\\N', '\\N'),
('62', 'TKM', 'III. PRA MEMBACA', 'Dalam sebulan terakhir, berapa buku tercetak yang Anda baca?', 'text', '\\N', '21', '1', '\\N', '\\N'),
('64', 'TKM', 'III. PRA MEMBACA', 'Berapa lama durasi Anda membaca buku tercetak sekali duduk?', 'text', '\\N', '23', '1', '\\N', '\\N'),
('65', 'TKM', 'III. PRA MEMBACA', 'Berapa lama durasi Anda membaca buku digital sekali duduk?', 'text', '\\N', '24', '1', '\\N', '\\N'),
('66', 'TKM', 'III. PRA MEMBACA', 'Saya memiliki pencahayaan yang cukup saat membaca', 'likert', '\\N', '25', '1', '\\N', '\\N'),
('67', 'TKM', 'III. PRA MEMBACA', 'Saya mudah menemukan tempat yang nyaman untuk membaca', 'likert', '\\N', '26', '1', '', ''),
('68', 'TKM', 'III. PRA MEMBACA', 'Saya sering melihat anggota keluarga membaca sehingga saya terinspirasi', 'likert', '\\N', '27', '1', '\\N', '\\N'),
('70', 'TKM', 'III. PRA MEMBACA', 'Tokoh publik (Influencer, Duta Baca, dll) merekomendasikan bacaan yang sesuai minat saya', 'likert', '\\N', '29', '1', '\\N', '\\N'),
('71', 'TKM', 'III. PRA MEMBACA', 'Tokoh publik memberikan dorongan dan arahan agar saya membaca', 'likert', '\\N', '30', '1', '\\N', '\\N'),
('72', 'TKM', 'III. PRA MEMBACA', 'Saya sering berdiskusi dengan teman tentang buku yang kami baca', 'likert', '\\N', '31', '1', '\\N', '\\N'),
('73', 'TKM', 'III. PRA MEMBACA', 'Teman saya memberi saya rekomendasi buku yang menarik', 'likert', '\\N', '32', '1', '\\N', '\\N'),
('74', 'TKM', 'III. PRA MEMBACA', 'Saya mengikuti kegiatan literasi (misal: klub buku, workshop)', 'likert', '\\N', '33', '1', '\\N', '\\N'),
('75', 'TKM', 'III. PRA MEMBACA', 'Saya sering berpartisipasi dalam tantangan membaca (reading challenge)', 'likert', '\\N', '34', '1', '', ''),
('76', 'TKM', 'III. PRA MEMBACA', 'Orang di lingkungan saya menghargai kebiasaan membaca', 'likert', '\\N', '35', '1', '\\N', '\\N'),
('77', 'TKM', 'III. PRA MEMBACA', 'Media lokal mempromosikan kegiatan membaca', 'likert', '\\N', '36', '1', '\\N', '\\N'),
('78', 'TKM', 'III. PRA MEMBACA', 'Acara budaya di tempat saya sering melibatkan kegiatan membaca', 'likert', '\\N', '37', '1', '\\N', '\\N'),
('79', 'TKM', 'III. PRA MEMBACA', 'Saya menjadi anggota/pengurus organisasi pembaca/literasi', 'likert', '\\N', '38', '1', '\\N', '\\N'),
('80', 'TKM', 'III. PRA MEMBACA', 'Saya membantu penyelenggaraan acara literasi di lingkungan saya', 'likert', '\\N', '39', '1', '\\N', '\\N'),
('81', 'TKM', 'III. PRA MEMBACA', 'Saya menggunakan perpustakaan digital untuk membaca materi budaya', 'likert', '\\N', '40', '1', '\\N', '\\N'),
('82', 'TKM', 'III. PRA MEMBACA', 'Saya mengikuti tur atau acara budaya yang melibatkan kegiatan literasi', 'likert', '\\N', '41', '1', '\\N', '\\N'),
('83', 'TKM', 'IV. SAAT MEMBACA', 'Saya dapat mempertahankan fokus saat membaca hingga selesai', 'likert', '\\N', '42', '1', '\\N', '\\N'),
('84', 'TKM', 'IV. SAAT MEMBACA', 'Saya memilih tempat tenang untuk membaca', 'likert', '\\N', '43', '1', '\\N', '\\N'),
('85', 'TKM', 'IV. SAAT MEMBACA', 'Saya membuat catatan atau menandai bagian penting dalam teks', 'likert', '\\N', '44', '1', '\\N', '\\N'),
('86', 'TKM', 'IV. SAAT MEMBACA', 'Saya membuat ringkasan setelah selesai membaca', 'likert', '\\N', '45', '1', '\\N', '\\N'),
('87', 'TKM', 'IV. SAAT MEMBACA', 'Saya sering bertanya pada diri sendiri untuk memeriksa pemahaman', 'likert', '\\N', '46', '1', '\\N', '\\N'),
('88', 'TKM', 'IV. SAAT MEMBACA', 'Saya berdiskusi tentang teks yang saya baca dengan orang lain setelah membaca', 'likert', '\\N', '47', '1', '', ''),
('89', 'TKM', 'IV. SAAT MEMBACA', 'Saya dapat menilai diri sendiri tingkat pemahaman saya tentang isi bacaan', 'likert', '\\N', '48', '1', '\\N', '\\N'),
('90', 'TKM', 'IV. SAAT MEMBACA', 'Saya meminta bantuan orang lain jika menemukan bagian sulit', 'likert', '\\N', '49', '1', '\\N', '\\N'),
('91', 'TKM', 'IV. SAAT MEMBACA', 'Saya tertarik membaca opini/pendapat orang lain tentang isi sebuah buku', 'likert', '\\N', '50', '1', '\\N', '\\N'),
('92', 'TKM', 'IV. SAAT MEMBACA', 'Saya tertarik untuk bertukar pikiran terkait buku yang saya baca dengan orang lain', 'likert', '\\N', '51', '1', '\\N', '\\N'),
('93', 'TKM', 'IV. SAAT MEMBACA', 'Saya suka membaca bersama teman atau kelompok', 'likert', '\\N', '52', '1', '\\N', '\\N'),
('94', 'TKM', 'IV. SAAT MEMBACA', 'Saya merencanakan waktu membaca bersama', 'likert', '\\N', '53', '1', '\\N', '\\N'),
('95', 'TKM', 'IV. SAAT MEMBACA', 'Saya membahas arti kata sulit dalam teks bersama teman', 'likert', '\\N', '54', '1', '\\N', '\\N'),
('96', 'TKM', 'IV. SAAT MEMBACA', 'Saya mencatat dan mencari arti kata sulit dalam kamus/ensiklopedia', 'likert', '\\N', '55', '1', '\\N', '\\N'),
('97', 'TKM', 'IV. SAAT MEMBACA', 'Saya menggunakan bacaan untuk memecahkan masalah sehari-hari', 'likert', '\\N', '56', '1', '', ''),
('98', 'TKM', 'IV. SAAT MEMBACA', 'Saya menulis laporan berdasarkan hasil baca', 'likert', '\\N', '57', '1', '\\N', '\\N'),
('99', 'TKM', 'V. PASCA MEMBACA', 'Setelah membaca, saya merasa pengetahuan saya bertambah', 'likert', '\\N', '58', '1', '\\N', '\\N'),
('100', 'TKM', 'V. PASCA MEMBACA', 'Saya merasa menjadi lebih senang setelah saya membaca', 'likert', '\\N', '59', '1', '\\N', '\\N'),
('101', 'TKM', 'V. PASCA MEMBACA', 'Membaca membantu saya berkomunikasi lebih baik dengan orang lain', 'likert', '\\N', '60', '1', '\\N', '\\N'),
('102', 'TKM', 'V. PASCA MEMBACA', 'Saya membaca untuk memahami perspektif orang lain', 'likert', '\\N', '61', '1', '\\N', '\\N'),
('103', 'TKM', 'V. PASCA MEMBACA', 'Membaca membuat saya lebih memahami perasaan diri sendiri atau tokoh', 'likert', '\\N', '62', '1', '\\N', '\\N'),
('104', 'TKM', 'V. PASCA MEMBACA', 'Saya termotivasi setelah membaca cerita inspiratif', 'likert', '\\N', '63', '1', '\\N', '\\N'),
('105', 'TKM', 'V. PASCA MEMBACA', 'Saya percaya mampu meningkatkan kemampuan membaca', 'likert', '\\N', '64', '1', '\\N', '\\N'),
('106', 'TKM', 'V. PASCA MEMBACA', 'Saya percaya diri saat membaca topik baru', 'likert', '\\N', '65', '1', '\\N', '\\N'),
('107', 'TKM', 'V. PASCA MEMBACA', 'Saya menganggap membaca sebagai kegiatan bernilai dan bermanfaat', 'likert', '\\N', '66', '1', '\\N', '\\N'),
('108', 'TKM', 'V. PASCA MEMBACA', 'Saya bersedia meluangkan waktu membaca setiap hari', 'likert', '\\N', '67', '1', '\\N', '\\N'),
('109', 'TKM', 'VI. INTERAKSI DENGAN PERPUSTAKAAN', 'Saya datang ke perpustakaan untuk mencari informasi terpercaya', 'likert', '\\N', '68', '1', '\\N', '\\N'),
('110', 'TKM', 'VI. INTERAKSI DENGAN PERPUSTAKAAN', 'Saya mencari bahan bacaan di perpustakaan untuk minat pribadi', 'likert', '\\N', '69', '1', '\\N', '\\N'),
('111', 'TKM', 'VI. INTERAKSI DENGAN PERPUSTAKAAN', 'Saya datang ke perpustakaan setiap bulan selama 3 bulan terakhir', 'likert', '\\N', '70', '1', '\\N', '\\N'),
('112', 'TKM', 'VI. INTERAKSI DENGAN PERPUSTAKAAN', 'Saya menggunakan fasilitas perpustakaan lebih dari satu kali dalam 3 bulan terakhir', 'likert', '\\N', '71', '1', '\\N', '\\N'),
('113', 'TKM', 'VI. INTERAKSI DENGAN PERPUSTAKAAN', 'Pustakawan membantu saya menemukan bahan bacaan yang sesuai', 'likert', '\\N', '72', '1', '', ''),
('114', 'TKM', 'VI. INTERAKSI DENGAN PERPUSTAKAAN', 'Saya merasa nyaman bertanya kepada pustakawan', 'likert', '\\N', '73', '1', '\\N', '\\N'),
('115', 'TKM', 'VI. INTERAKSI DENGAN PERPUSTAKAAN', 'Saya melihat katalog online untuk menemukan materi', 'likert', '\\N', '74', '1', '\\N', '\\N'),
('116', 'TKM', 'VI. INTERAKSI DENGAN PERPUSTAKAAN', 'Saya meminjam atau mengunduh buku dari koleksi perpustakaan', 'likert', '\\N', '75', '1', '\\N', '\\N'),
('117', 'TKM', 'VI. INTERAKSI DENGAN PERPUSTAKAAN', 'Saya membagikan informasi perpustakaan kepada teman/rekan kerja', 'likert', '\\N', '76', '1', '\\N', '\\N'),
('118', 'TKM', 'VI. INTERAKSI DENGAN PERPUSTAKAAN', 'Saya mengintegrasikan bacaan perpustakaan dalam presentasi', 'likert', '\\N', '77', '1', '\\N', '\\N'),
('119', 'TKM', 'VI. INTERAKSI DENGAN PERPUSTAKAAN', 'Saya sering merekomendasikan buku perpustakaan kepada orang lain', 'likert', '\\N', '78', '1', '\\N', '\\N'),
('120', 'TKM', 'VI. INTERAKSI DENGAN PERPUSTAKAAN', 'Saya menulis ulasan singkat tentang buku yang saya baca', 'likert', '\\N', '79', '1', '\\N', '\\N'),
('121', 'TKM', 'VI. INTERAKSI DENGAN PERPUSTAKAAN', 'Saya puas dengan kualitas layanan perpustakaan yang saya gunakan', 'likert', '\\N', '80', '1', '\\N', '\\N'),
('122', 'TKM', 'VI. INTERAKSI DENGAN PERPUSTAKAAN', 'Saya akan merekomendasikan perpustakaan ini kepada orang lain', 'likert', '\\N', '81', '1', '\\N', '\\N');

INSERT INTO password_reset_email_logs (id, email, status, error_message, created_at, token_hash, expires_at) VALUES
('1', 'gathfank@gmail.com', 'failed', '250-SIZE 35882577\\r\\n', '2026-02-04 13:08:01.657997', '\\N', '\\N'),
('2', 'gathfank@gmail.com', 'failed', '250-SIZE 35882577\\r\\n', '2026-02-04 13:08:02.387302', '\\N', '\\N'),
('3', 'gathfank@gmail.com', 'sent', '\\N', '2026-02-04 13:10:51.099829', '\\N', '\\N'),
('4', 'gathfank@gmail.com', 'sent', '\\N', '2026-02-04 13:10:54.818217', '\\N', '\\N'),
('5', 'gathfank@gmail.com', 'sent', '\\N', '2026-02-04 13:14:36.689921', '\\N', '\\N'),
('6', 'gathfank@gmail.com', 'sent', '\\N', '2026-02-04 13:14:40.446922', '\\N', '\\N'),
('7', 'gathfank@gmail.com', 'sent', '\\N', '2026-02-04 13:20:51.251562', '\\N', '\\N'),
('8', 'gathfank@gmail.com', 'sent', '\\N', '2026-02-04 13:22:47.086764', '\\N', '\\N'),
('9', 'gathfank@gmail.com', 'sent', '\\N', '2026-02-04 13:25:21.233484', '\\N', '\\N'),
('10', 'gathfank@gmail.com', 'sent', '\\N', '2026-02-04 13:26:04.947396', '\\N', '\\N'),
('11', 'gathfank@gmail.com', 'sent', '\\N', '2026-02-04 13:26:11.235382', '\\N', '\\N'),
('12', 'gathfank@gmail.com', 'sent', '\\N', '2026-02-04 13:29:29.760404', 'e034eff8223606fe9df683ffb04984a6aab8e8424be1644c4dafa4838814409f', '2026-02-04 14:29:26.052642'),
('13', 'gathfank@gmail.com', 'sent', '\\N', '2026-02-04 13:29:45.283776', 'aebcb34e1d2084cd1727725f117ded67e6d4cf5f74f11aef905d3a1a325d5804', '2026-02-04 14:29:41.555022'),
('14', 'gathfank@gmail.com', 'sent', '\\N', '2026-02-09 09:35:45.484777', 'bc16f545821d933c784bc79647897ea862846e6a7bd2b15a85c458a133f6cd06', '2026-02-09 10:35:41.946871');

INSERT INTO password_reset_logs (id, user_id, ip_address, created_at) VALUES
('2', '4', '::1', '2026-02-09 09:36:40.806291');

INSERT INTO pengaduan (id, nama, kontak, pesan, tanggal, created_at, is_important, is_done) VALUES
('8', 'ole', '01287308127', 'saya butuh buku biologi yang lebih update', '2026-02-04', '2026-02-04 11:54:25.132526', 't', 't'),
('7', 'kevin', '1922941213', 'terlalu berisik', '2026-02-04', '2026-02-04 11:51:33.531664', 't', 't'),
('6', 'roman', '19201242142', 'kurang nyaman tempat bacanya banyak debu dan laba laba', '2026-02-04', '2026-02-04 11:50:53.615493', 'f', 'f');

INSERT INTO settings (setting_key, setting_value) VALUES
('tkm_start', '2026-02-09 11:09'),
('tkm_end', '2026-02-09 11:10'),
('status_iplm', 'buka'),
('iplm_mode', 'manual'),
('status_tkm', 'buka'),
('tkm_mode', 'manual'),
('iplm_kontak_pertanyaan_id', '14'),
('iplm_autofill_jenis_id', '1'),
('iplm_autofill_subjenis_id', '2'),
('iplm_autofill_nama_id', '9'),
('iplm_start', '2026-02-02T21:25'),
('iplm_end', '2026-02-02T21:26');

INSERT INTO trans_detail (id, header_id, pertanyaan_id, jawaban) VALUES
('448', '9', '43', '29-42 Tahun'),
('449', '9', '44', 'Laki-laki'),
('450', '9', '45', 'ijda'),
('451', '9', '46', 'iio'),
('452', '9', '47', 'uh'),
('453', '9', '48', 'ih'),
('454', '9', '123', '98098'),
('455', '9', '49', 'Ya'),
('456', '9', '50', 'hui'),
('457', '9', '51', 'h'),
('458', '9', '52', '1'),
('459', '9', '53', '1'),
('460', '9', '54', '1'),
('461', '9', '55', '1'),
('462', '9', '56', '1'),
('463', '9', '57', '1'),
('464', '9', '58', '1'),
('465', '9', '59', '1'),
('466', '9', '60', '1'),
('467', '9', '61', '1'),
('468', '9', '62', ' 89u'),
('469', '9', '63', '8u'),
('470', '9', '64', '87'),
('471', '9', '65', '807'),
('472', '9', '66', '1'),
('473', '9', '67', '1'),
('474', '9', '68', '1'),
('475', '9', '69', '1'),
('476', '9', '70', '1'),
('477', '9', '71', '1'),
('478', '9', '72', '1'),
('479', '9', '73', '1'),
('480', '9', '74', '1'),
('481', '9', '75', '1'),
('482', '9', '76', '1'),
('483', '9', '77', '1'),
('484', '9', '78', '1'),
('485', '9', '79', '1'),
('486', '9', '80', '1'),
('487', '9', '81', '1'),
('488', '9', '82', '1'),
('489', '9', '83', '1'),
('490', '9', '84', '1'),
('491', '9', '85', '1'),
('492', '9', '86', '1'),
('493', '9', '87', '1'),
('494', '9', '88', '1'),
('495', '9', '89', '1'),
('496', '9', '90', '1'),
('497', '9', '91', '1'),
('498', '9', '92', '1'),
('499', '9', '93', '1'),
('500', '9', '94', '1'),
('501', '9', '95', '1'),
('502', '9', '96', '1'),
('503', '9', '97', '1'),
('504', '9', '98', '1'),
('505', '9', '99', '1'),
('506', '9', '100', '1'),
('507', '9', '101', '1'),
('508', '9', '102', '1'),
('509', '9', '103', '1'),
('510', '9', '104', '1'),
('511', '9', '105', '1'),
('512', '9', '106', '1'),
('513', '9', '107', '1'),
('514', '9', '108', '1'),
('515', '9', '109', '1'),
('516', '9', '110', '1'),
('517', '9', '111', '1'),
('518', '9', '112', '1'),
('519', '9', '113', '1'),
('520', '9', '114', '1'),
('521', '9', '115', '1'),
('522', '9', '116', '1'),
('523', '9', '117', '1'),
('524', '9', '118', '1'),
('525', '9', '119', '1'),
('526', '9', '120', '1'),
('527', '9', '121', '1'),
('528', '9', '122', '1'),
('529', '10', '1', 'Perpustakaan Umum'),
('530', '10', '2', 'Perpustakaan Desa'),
('531', '10', '3', '90909'),
('532', '10', '4', '09'),
('533', '10', '5', '0'),
('534', '10', '6', '09'),
('535', '10', '7', '09'),
('536', '10', '8', '09'),
('537', '10', '9', 'PERPUSTAKAAN  LEMBAR SELATAN'),
('538', '10', '10', '09'),
('539', '10', '11', '90'),
('540', '10', '12', '09'),
('541', '10', '13', '09'),
('542', '10', '14', '90'),
('543', '10', '15', '09'),
('544', '10', '16', '09'),
('545', '10', '17', '09'),
('546', '10', '18', '09'),
('547', '10', '19', '09'),
('548', '10', '20', '0'),
('549', '10', '21', '90'),
('550', '10', '22', '90'),
('551', '10', '23', '09'),
('552', '10', '24', '09'),
('553', '10', '25', '90'),
('554', '10', '26', '09'),
('555', '10', '27', '09'),
('556', '10', '28', '09'),
('557', '10', '29', '09'),
('558', '10', '30', '09'),
('559', '10', '31', '09'),
('560', '10', '32', '09'),
('561', '10', '33', '09'),
('562', '10', '34', '09'),
('563', '10', '35', '900'),
('564', '10', '36', '9'),
('565', '10', '37', '900'),
('566', '10', '38', '909'),
('567', '10', '39', '09'),
('568', '10', '40', '09'),
('569', '10', '41', '09'),
('570', '10', '42', '09');

INSERT INTO trans_header (id, library_id, jenis_kuesioner, periode_bulan, periode_tahun, tanggal_isi) VALUES
('9', '\\N', 'TKM', '02', '2026', '2026-02-09 11:11:26.544141'),
('10', '31', 'IPLM', '02', '2026', '2026-02-09 11:22:52.787085');

INSERT INTO users (id, nama, email, password, created_at) VALUES
('1', 'admin', 'admin@mail.com', '$2y$10$8gml0lCVate6CFL0N2xGFuHnnWT4Zb1zrFzbdTtrevODoeLLtnKHa', '2026-02-04 12:09:58.765034'),
('4', 'kevin', 'gathfank@gmail.com', '$2y$10$pkilDTaRdrfgKzdW8dMNyu0NEbfqjOAj7zhSJ8Iyqul5dZxcm2Nre', '2026-02-04 13:07:51.412428');
